job_id,title,company,location,job_url,source,search_term,scraped_at,applied,notes
619ddc781578c1e0,AI & ML Intern,JS Techalliance Consulting Pvt Ltd,"Vijay Nagar, Indore, Madhya Pradesh",https://in.indeed.com/viewjob?jk=619ddc781578c1e0,Indeed,Artificial Intelligence Intern,2026-05-30 12:53,No,
b3294116eabdc8e2,Interns for AI,Cloudmellow,Remote,https://in.indeed.com/viewjob?jk=b3294116eabdc8e2,Indeed,Artificial Intelligence Intern,2026-05-30 12:53,No,
30d8e449272aae49,Machine Learning student intenship,AvaIntern,Remote,https://in.indeed.com/viewjob?jk=30d8e449272aae49,Indeed,Artificial Intelligence Intern,2026-05-30 12:53,No,
271a1c70700f79ba,Founder's Office Intern,Weekday,Remote,https://in.indeed.com/viewjob?jk=271a1c70700f79ba,Indeed,Artificial Intelligence Intern,2026-05-30 12:53,No,
f9e25361c6c27efb,Robotic & AI Intern,PR Infotech,"Erumapetty, Thrissur, Kerala",https://in.indeed.com/viewjob?jk=f9e25361c6c27efb,Indeed,Artificial Intelligence Intern,2026-05-30 12:53,No,
3eec147281598470,AI Prompt Engineer,MS2 Entertainments LLP,Remote,https://in.indeed.com/viewjob?jk=3eec147281598470,Indeed,Artificial Intelligence Engineer,2026-05-30 14:04,No,
8156ebcea7596752,AI/ML Engineer,Optum,"Noida, Uttar Pradesh",https://in.indeed.com/viewjob?jk=8156ebcea7596752,Indeed,Artificial Intelligence Engineer,2026-05-30 14:04,No,
a3aef5270ac32b76,AI Creative Designer & Shopify Developer,C P S Shapers Limited,"Hybrid work in Meerut, Uttar Pradesh",https://in.indeed.com/viewjob?jk=a3aef5270ac32b76,Indeed,Artificial Intelligence Engineer,2026-05-30 14:04,No,
d1cb18af855824b0,AI ML Engineer,Optum,"Gurugram, Haryana",https://in.indeed.com/viewjob?jk=d1cb18af855824b0,Indeed,Artificial Intelligence Engineer,2026-05-30 14:04,No,
17aa11c856882aab,Associate AI ML Engineer,Optum,"Gurugram, Haryana",https://in.indeed.com/viewjob?jk=17aa11c856882aab,Indeed,Artificial Intelligence Engineer,2026-05-30 14:04,No,
639965a3e6c28f4b,Software Engineer II/ Software Engineer III,KlearNow.ai,"Gurugram, Haryana",https://in.indeed.com/viewjob?jk=639965a3e6c28f4b,Indeed,Artificial Intelligence Engineer,2026-05-30 14:04,No,
124a5e509d5d9647,AI/ML Developer,Sanchay Tech Pvt LTd,Delhi,https://in.indeed.com/viewjob?jk=124a5e509d5d9647,Indeed,Artificial Intelligence Engineer,2026-05-30 14:04,No,
3bc309380ed4773a,AI Engineer,UMENIT SOLUTIONS LLP,Remote,https://in.indeed.com/viewjob?jk=3bc309380ed4773a,Indeed,Artificial Intelligence Engineer,2026-05-30 14:04,No,
5f3af07f63ea250f,AI/ML Engineer,Prologic technologies,"Mohali, Punjab",https://in.indeed.com/viewjob?jk=5f3af07f63ea250f,Indeed,Artificial Intelligence Engineer,2026-05-30 14:04,No,
2f4a3a366c6f09aa,Machine Learning Engineer,Novixpert Private limited,"Jaipur, Rajasthan",https://in.indeed.com/viewjob?jk=2f4a3a366c6f09aa,Indeed,Artificial Intelligence Engineer,2026-05-30 14:04,No,
b204fb01bd652f01,AI/ML Engineer,Optum,"Chennai, Tamil Nadu",https://in.indeed.com/viewjob?jk=b204fb01bd652f01,Indeed,Machine Learning Engineer,2026-05-30 14:04,No,
1759b4f83a8d3673,Python Developer Intern,Tamizha Media Pvt Ltd,"Coimbatore, Tamil Nadu",https://in.indeed.com/viewjob?jk=1759b4f83a8d3673,Indeed,Python Developer Intern,2026-05-30 14:04,No,
ad986df3f9b26746,Python Developer Intern,My College Project Ltd,"Ahmedabad, Gujarat",https://in.indeed.com/viewjob?jk=ad986df3f9b26746,Indeed,Python Developer Intern,2026-05-30 14:04,No,
538a80aedd556f8d,Full Stack Developer Intern,Zen by Qualcode,"Chennai, Tamil Nadu",https://in.indeed.com/viewjob?jk=538a80aedd556f8d,Indeed,Python Developer Intern,2026-05-30 14:04,No,
ce1363696fd15bdf,Full Stack Developer Intern,Abzon IT Solutions,"Nagercoil, Tamil Nadu",https://in.indeed.com/viewjob?jk=ce1363696fd15bdf,Indeed,Python Developer Intern,2026-05-30 14:04,No,
6b9dc6de9003a322,Full Stack Developer Intern,Ecog Products,"Coimbatore, Tamil Nadu",https://in.indeed.com/viewjob?jk=6b9dc6de9003a322,Indeed,Python Developer Intern,2026-05-30 14:04,No,
59aefcb556bb4668,Python & AIML Developer Intern,Softrefine Technology,"Ahmedabad, Gujarat",https://in.indeed.com/viewjob?jk=59aefcb556bb4668,Indeed,Python Developer Intern,2026-05-30 14:04,No,
9a95392234eed981,Python Django Intern,CipherStudio,"Mohali, Punjab",https://in.indeed.com/viewjob?jk=9a95392234eed981,Indeed,Python Developer Intern,2026-05-30 14:04,No,
27b6f5542452681c,AI Developer Internship,mydesignerslook,"Nagercoil, Tamil Nadu",https://in.indeed.com/viewjob?jk=27b6f5542452681c,Indeed,Python Developer Intern,2026-05-30 14:04,No,
b3213b7f57e72bac,Intern — Product Management AI Products,StayVista,"Mumbai, Maharashtra",https://in.indeed.com/viewjob?jk=b3213b7f57e72bac,Indeed,Artificial Intelligence Intern,2026-05-30 14:05,No,
e93d4e9d8ad526eb,AI & ML Intern,LYFnGO Technologies,"Coimbatore, Tamil Nadu",https://in.indeed.com/viewjob?jk=e93d4e9d8ad526eb,Indeed,Artificial Intelligence Intern,2026-05-30 14:05,No,
f7e5ce34df1cef08,AI/ML Intern,BEXO.AI,"Mohali, Punjab",https://in.indeed.com/viewjob?jk=f7e5ce34df1cef08,Indeed,Artificial Intelligence Intern,2026-05-30 14:05,No,
3c9732e1f9801143,Interns,Genpact India Pvt. Ltd.,"Remote in Gurugram, Haryana",https://in.indeed.com/viewjob?jk=3c9732e1f9801143,Indeed,Artificial Intelligence Intern,2026-05-30 14:05,No,
43fcb02108be1b12,"IT Internships(Networking,Cyber Security,Cloud)",Bsoft Network Solutions,"Hybrid work in Edapally, Kochi, Kerala",https://in.indeed.com/viewjob?jk=43fcb02108be1b12,Indeed,Artificial Intelligence Intern,2026-05-30 14:05,No,
01fb068f0fcf1e10,Intern - AI/ML,Augurs Technologies Pvt. Ltd,"Lucknow, Uttar Pradesh",https://in.indeed.com/viewjob?jk=01fb068f0fcf1e10,Indeed,Artificial Intelligence Intern,2026-05-30 14:05,No,
5f52fd3675fb7385,AI/ MI Pythone intern,Hasten solutions,"Nagpur, Maharashtra",https://in.indeed.com/viewjob?jk=5f52fd3675fb7385,Indeed,Artificial Intelligence Intern,2026-05-30 14:05,No,
3a4ee0dd7007ac0b,Web Developer Intern,AIDEN,Remote,https://in.indeed.com/viewjob?jk=3a4ee0dd7007ac0b,Indeed,Machine Learning Intern,2026-05-30 14:05,No,
20524d087d793dd6,Digital Marketing Intern,Heliokraft Renewable Solutions India Pvt ltd,"Subhanpura, Vadodara, Gujarat",https://in.indeed.com/viewjob?jk=20524d087d793dd6,Indeed,Machine Learning Intern,2026-05-30 14:05,No,
930a85ffe0c00268,Software Intern,Expedite Informatics,Remote,https://in.indeed.com/viewjob?jk=930a85ffe0c00268,Indeed,Machine Learning Intern,2026-05-30 14:05,No,
808c1f1be9b84616,Business Development Intern,FUTURRIZON TECHNOLOGIES PVT LTD,"Ahmedabad, Gujarat",https://in.indeed.com/viewjob?jk=808c1f1be9b84616,Indeed,Machine Learning Intern,2026-05-30 14:05,No,
96afa723d6ee2671,Generative AI Intern – Analytics & Innovation (AI),United Airlines,"Gurugram, Haryana",https://in.indeed.com/viewjob?jk=96afa723d6ee2671,Indeed,Machine Learning Intern,2026-05-30 14:05,No,
d1985513fe11a500,Intern - Mass Properties Weight data Verification and Validation,Airbus India Private Limited,"Bengaluru, Karnataka",https://in.indeed.com/viewjob?jk=d1985513fe11a500,Indeed,Machine Learning Intern,2026-05-30 14:05,No,
dc3d6e87af2d4f3a,AI & ML Intern,AIDEN,Remote,https://in.indeed.com/viewjob?jk=dc3d6e87af2d4f3a,Indeed,Machine Learning Intern,2026-05-30 14:05,No,
425700884145e1fb,GD - Intern,Zycus,"Mumbai, Maharashtra",https://in.indeed.com/viewjob?jk=425700884145e1fb,Indeed,Data Analyst Intern,2026-05-30 14:05,No,
bc4089b137349c52,Quality Anayst- Intern Non Technical,Shiftrisk Insurance Brokers Pvt Ltd,"Chembur, Mumbai, Maharashtra",https://in.indeed.com/viewjob?jk=bc4089b137349c52,Indeed,Data Analyst Intern,2026-05-30 14:05,No,
f16ad1d15cd5d245,Software Developer,iSpider Software Solutions,"Puducherry, Puducherry",https://in.indeed.com/viewjob?jk=f16ad1d15cd5d245,Indeed,Software Developer,2026-05-30 14:05,No,
21ef0fc412c51d9c,Full Stack Developer,Alphanso Technology,"Rajkot, Gujarat",https://in.indeed.com/viewjob?jk=21ef0fc412c51d9c,Indeed,Software Developer,2026-05-30 14:05,No,
acf32d93f499340b,Engineer Software,Empower,"Bengaluru, Karnataka",https://in.indeed.com/viewjob?jk=acf32d93f499340b,Indeed,Software Developer,2026-05-30 14:05,No,
1efcd82f74298429,CNC Operator Cum Setter Cum Programmer,Bhuj Polymers pvt ltd,"Mundra, Gujarat",https://in.indeed.com/viewjob?jk=1efcd82f74298429,Indeed,Software Developer,2026-05-30 14:05,No,
af4654fa8f479de9,Full Stack Engineer Python react HYD,Optum,"Hyderabad, Telangana",https://in.indeed.com/viewjob?jk=af4654fa8f479de9,Indeed,Software Developer,2026-05-30 14:05,No,
658e2df913faab1b,VMC Operator Cum Setter Cum Programmer,Bhuj Polymers pvt ltd,"Mundra, Gujarat",https://in.indeed.com/viewjob?jk=658e2df913faab1b,Indeed,Software Developer,2026-05-30 14:05,No,
2390f6b22c82e428,CNC / VMC Programmer,RanVac Technologies Pvt Ltd,"Nelamangala, Bengaluru, Karnataka",https://in.indeed.com/viewjob?jk=2390f6b22c82e428,Indeed,Software Developer,2026-05-30 14:05,No,
1bffab29230cba5c,Full Stack Developer Intern,S S G K & Associates,"Coimbatore, Tamil Nadu",https://in.indeed.com/viewjob?jk=1bffab29230cba5c,Indeed,Software Developer Intern,2026-05-30 14:06,No,
21faf9f0b90b00b8,Software Tester Intern,Noviindus Technologies,"Calicut, Kerala",https://in.indeed.com/viewjob?jk=21faf9f0b90b00b8,Indeed,Software Developer Intern,2026-05-30 14:06,No,
0c4eebfcabd35eb5,React Developer Intern,Satmat Technologies,"Viman Nagar, Pune, Maharashtra",https://in.indeed.com/viewjob?jk=0c4eebfcabd35eb5,Indeed,Software Developer Intern,2026-05-30 14:06,No,
ca99dbd03c105980,Python Developer Internship,Adsquaretech Solutions,Remote,https://in.indeed.com/viewjob?jk=ca99dbd03c105980,Indeed,Software Developer,2026-05-30 14:41,No,
52d911dd7bb2d215,AI data engineer trainee,Crossroad Elf DSS pvt.ltd,"HSR Layout, Bengaluru, Karnataka",https://in.indeed.com/viewjob?jk=52d911dd7bb2d215,Indeed,Artificial Intelligence Engineer,2026-05-30 16:53,No,
7a416615184d379a,Agentic AI Engineer,Utah Tech Labs,"Hybrid work in New Town, Kolkata, West Bengal",https://in.indeed.com/viewjob?jk=7a416615184d379a,Indeed,Artificial Intelligence Engineer,2026-06-07 15:01,No,
8409e781e92380d5,Agentic AI Engineer – Prompt Engineering & Quality Assurance,Adra Product Studio,"Coimbatore, Tamil Nadu",https://in.indeed.com/viewjob?jk=8409e781e92380d5,Indeed,Artificial Intelligence Engineer,2026-06-07 15:01,No,
7b3bb7ef9660815b,"Full Stack Engineer (.Net, React and Azure cloud with AI Tool)",Optum,"Gurugram, Haryana",https://in.indeed.com/viewjob?jk=7b3bb7ef9660815b,Indeed,Artificial Intelligence Engineer,2026-06-07 15:01,No,
1de36714c5f48dd8,AI & Machine Learning Engineer,ITC WORLDWIDE,"Rajbari, West Bengal",https://in.indeed.com/viewjob?jk=1de36714c5f48dd8,Indeed,Artificial Intelligence Engineer,2026-06-07 15:01,No,
954cba46be8495e7,AI Engineer Intern,Rupeestop LLP,"Jaipur, Rajasthan",https://in.indeed.com/viewjob?jk=954cba46be8495e7,Indeed,Artificial Intelligence Engineer,2026-06-07 15:01,No,
cb5010bc93011c0e,AI/ML Engineer data scientist,Predigle,"Hybrid work in Guindy, Chennai, Tamil Nadu",https://in.indeed.com/viewjob?jk=cb5010bc93011c0e,Indeed,Artificial Intelligence Engineer,2026-06-07 15:01,No,
c9e9ff0a3339246a,AI Developer Trainee,Analytix Corporate Solutions Pvt Ltd,"Kochi, Kerala",https://in.indeed.com/viewjob?jk=c9e9ff0a3339246a,Indeed,Artificial Intelligence Engineer,2026-06-07 15:01,No,
70fd157e295e8e35,AI Engineer,GenticAI,Remote,https://in.indeed.com/viewjob?jk=70fd157e295e8e35,Indeed,Artificial Intelligence Engineer,2026-06-07 15:01,No,
22b77a6fe946a42f,AI/ML Engineer,Applied Retention,"Mumbai, Maharashtra",https://in.indeed.com/viewjob?jk=22b77a6fe946a42f,Indeed,Artificial Intelligence Engineer,2026-06-07 15:01,No,
0aabb8111469f3c4,AI Engineer,AABM Clouds Data Solutions,Remote,https://in.indeed.com/viewjob?jk=0aabb8111469f3c4,Indeed,Artificial Intelligence Engineer,2026-06-07 15:01,No,
4b33da2ace02a647,AI Engineer,Midbrains Technologies,"Wakad, Pune, Maharashtra",https://in.indeed.com/viewjob?jk=4b33da2ace02a647,Indeed,Artificial Intelligence Engineer,2026-06-07 15:01,No,
fb1dc55cc968c156,Artificial Intelligence Engineer,Gashwa Technologies Private Limited,"Shimla, Himachal Pradesh",https://in.indeed.com/viewjob?jk=fb1dc55cc968c156,Indeed,Artificial Intelligence Engineer,2026-06-07 15:01,No,
4a0811315c96f270,AI Engineer,A2S HR SERVICES,"Bengaluru, Karnataka",https://in.indeed.com/viewjob?jk=4a0811315c96f270,Indeed,Artificial Intelligence Engineer,2026-06-07 15:01,No,
a443be531438eede,AI/ML Engineer,MEG WORLD TECHNOLOGIES,"Nungambakkam, Chennai, Tamil Nadu",https://in.indeed.com/viewjob?jk=a443be531438eede,Indeed,Machine Learning Engineer,2026-06-07 15:01,No,
d087419bb23f38fe,Python Developer Intern,Tamizha Media Pvt Ltd,"Coimbatore, Tamil Nadu",https://in.indeed.com/viewjob?jk=d087419bb23f38fe,Indeed,Python Developer Intern,2026-06-07 15:01,No,
d697ac2249c3f513,Agentic AI Developer Intern (Final Year Students),CBC,"Hybrid work in Bangalore City, Bengaluru, Karnataka",https://in.indeed.com/viewjob?jk=d697ac2249c3f513,Indeed,Artificial Intelligence Engineer,2026-06-14 20:35,No,
7497fa6d40ca68fe,AI Engineer Intern,OrbitXII technologies,Remote,https://in.indeed.com/viewjob?jk=7497fa6d40ca68fe,Indeed,Artificial Intelligence Engineer,2026-06-14 20:35,No,
82712b37932944bf,Python Engineer- Agentic AI,Aliqan Technologies,"Bengaluru Rural District, Karnataka",https://in.indeed.com/viewjob?jk=82712b37932944bf,Indeed,Artificial Intelligence Engineer,2026-06-14 20:35,No,
436ed546e8045125,AI Developer,Smartway Technoway Pvt Ltd.,"Thaltej, Ahmedabad, Gujarat",https://in.indeed.com/viewjob?jk=436ed546e8045125,Indeed,Artificial Intelligence Engineer,2026-06-14 20:35,No,
0fda5e9db2f45d5d,AI Software Developer,WORKSBOT APPLICATION PRIVATE LIMITED,"Hybrid work in Chennai, Tamil Nadu",https://in.indeed.com/viewjob?jk=0fda5e9db2f45d5d,Indeed,Artificial Intelligence Engineer,2026-06-14 20:35,No,
e5d1f538aadd4a71,AI/Machine Learning Engineer,Quest America,Remote,https://in.indeed.com/viewjob?jk=e5d1f538aadd4a71,Indeed,Artificial Intelligence Engineer,2026-06-14 20:35,No,
b96aacb265a13cf3,AI/ML Engineer – Remote Sensing & Geospatial Analytics,advance technologies,"Bangalore City, Bengaluru, Karnataka",https://in.indeed.com/viewjob?jk=b96aacb265a13cf3,Indeed,Artificial Intelligence Engineer,2026-06-14 20:35,No,
c820698e5616aeaa,AI/ML Engineer,iMentus Technologies Pvt.Ltd.,"Indore, Madhya Pradesh",https://in.indeed.com/viewjob?jk=c820698e5616aeaa,Indeed,Artificial Intelligence Engineer,2026-06-14 20:35,No,
e87f42db7ce56102,CA0340 - Agentic AI Engineer,Cloudangles,"Hyderabad, Telangana",https://in.indeed.com/viewjob?jk=e87f42db7ce56102,Indeed,Artificial Intelligence Engineer,2026-06-14 20:35,No,
525303ba8ea7e7a0,AI/ML Engineer,AARELUS TECHNOLOGIES,Remote,https://in.indeed.com/viewjob?jk=525303ba8ea7e7a0,Indeed,Artificial Intelligence Engineer,2026-06-14 20:35,No,
a85163b3dccf215a,AI/ML Engineer,Imentus Technologies,"Indore, Madhya Pradesh",https://in.indeed.com/viewjob?jk=a85163b3dccf215a,Indeed,Artificial Intelligence Engineer,2026-06-14 20:35,No,
518acc943968fd84,AI Engineer Intern,EGS SOFTWARE SOLUTIONS,"Tiruchirappalli, Tamil Nadu",https://in.indeed.com/viewjob?jk=518acc943968fd84,Indeed,Artificial Intelligence Engineer,2026-06-14 20:35,No,
760a7c370d176df3,AI developer/ python,Kenovate solutions,"Gurugram, Haryana",https://in.indeed.com/viewjob?jk=760a7c370d176df3,Indeed,Artificial Intelligence Engineer,2026-06-14 20:35,No,
ee29a80384ec36fa,AI Software Engineer,Worksbot Applications Private Limited,"Remote in Chennai, Tamil Nadu",https://in.indeed.com/viewjob?jk=ee29a80384ec36fa,Indeed,Artificial Intelligence Engineer,2026-06-14 20:35,No,
548bc8ea34c1892b,AI Intern / AI Engineer,PyxTech,"Pune, Maharashtra",https://in.indeed.com/viewjob?jk=548bc8ea34c1892b,Indeed,Machine Learning Engineer,2026-06-14 20:35,No,
5157d7149239c211,AI Engineer,Aertrip India Limited,"Ghitorni, Delhi, Delhi",https://in.indeed.com/viewjob?jk=5157d7149239c211,Indeed,Artificial Intelligence Engineer,2026-06-18 01:02,No,
